{
    "fileName": "VL53LX1_JNI.json",
    "name": "VL53LX1_JNI",
    "version": "2019-1",
    "uuid": "1056f4cf-34d8-4bf9-886e-4a50ed932281",
    "mavenUrls": [
        "https://github.com/warrenlp/VL53L1XRoborioJNI/raw/repository/maven"
    ],
    "jsonUrl": "https://github.com/warrenlp/VL53L1XRoborioJNI/raw/repository/vendordeps/VL53L1X_JNI.json",
    "javaDependencies": [{
        "groupId": "com.github.warrenlp",
        "artifactId": "vl53l1x_i2c-java",
        "version": "2019-1"
    }],
    "jniDependencies": [{
        "groupId": "com.github.warrenlp",
        "artifactId": "vl53l1x_i2c-jni",
        "version": "2019-1",
        "isJar": false,
        "sharedLibrary": true,
        "skipInvalidPlatforms": true,
        "validPlatforms": [
            "linuxathena"
        ]
    }],
    "cppDependencies": []
}
